feature,importance_gain
rolling_mean_28,17869.05859375
rolling_mean_14,2450.970947265625
dow_cos,1214.19970703125
rolling_mean_7,951.8858032226562
month_cos,322.9996032714844
month,299.1397399902344
category_encoded,262.4850769042969
month_sin,236.71688842773438
week_of_year,225.83189392089844
quarter,182.45147705078125
day_of_month,170.61203002929688
is_month_end,148.38751220703125
day_of_week,147.6153106689453
dow_sin,138.15086364746094
is_festival,136.91429138183594
rolling_max_7,123.22534942626953
rolling_min_7,120.80680084228516
trend_7,120.66767120361328
growth_14,118.99181365966797
selling_price,117.93987274169922
growth_7,116.46719360351562
rolling_std_14,115.2012710571289
rolling_mean_3,113.92486572265625
lag_14,113.62799835205078
pct_change_7,111.32793426513672
rolling_std_7,110.12909698486328
lag_28,109.99439239501953
price_gap,107.69173431396484
lag_7,105.1629867553711
lag_3,98.97162628173828
cost_price,97.4471435546875
lag_1,96.7649154663086
price_ratio,90.88240814208984
is_weekend,79.48561096191406
is_month_start,76.44747924804688
product_id,58.06071090698242
